[
  { "name": "id", "label": "ID", "type": "number" },
  { "name": "invoice_no", "label": "Invoice Number", "type": "text" },
  { "name": "invoice_date", "label": "Invoice Date", "type": "date" },
  { "name": "party_id", "label": "Party ID", "type": "number" },
  { "name": "total_amount", "label": "Total Amount", "type": "number" },
  { "name": "tax_amount", "label": "Tax Amount", "type": "number" },
  { "name": "discount", "label": "Discount", "type": "number" },
  { "name": "grand_total", "label": "Grand Total", "type": "number" },
  { "name": "status", "label": "Status", "type": "select", "options": ["Draft", "Final", "Cancelled"] },
  { "name": "created_at", "label": "Created At", "type": "date" },
  { "name": "created_by", "label": "Created By", "type": "text" },
  { "name": "updated_at", "label": "Updated At", "type": "date" },
  { "name": "updated_by", "label": "Updated By", "type": "text" },
  { "name": "is_deleted", "label": "Deleted", "type": "select", "options": ["No", "Yes"] }
]
