{
  "title": "User",
  "fields": [
    {
      "name": "name",
      "label": "Full Name",
      "type": "text",
      "required": true
    },
    {
      "name": "email",
      "label": "Email",
      "type": "email",
      "required": true,
      "unique": true
    },
    {
      "name": "password",
      "label": "Password",
      "type": "password",
      "required": true,
      "show_in_table": false
    },
    {
      "name": "role_id",
      "label": "Role",
      "type": "select",
      "source": "table:rbac/roles:id,name",
      "required": true
    },
    {
      "name": "status",
      "label": "Status",
      "type": "select",
      "source": "picklist:user_status",
      "default": "active"
    }
  ],
  "audit": true
}
