[
  { "name": "id", "label": "ID", "type": "number" },
  { "name": "name", "label": "Party Name", "type": "text" },
  { "name": "type", "label": "Type", "type": "select", "options": ["Customer", "Supplier", "Employee"] },
  { "name": "email", "label": "Email", "type": "email" },
  { "name": "phone", "label": "Phone", "type": "text" },
  { "name": "address", "label": "Address", "type": "text" },
  { "name": "status", "label": "Status", "type": "select", "options": ["Active", "Inactive"] },
  { "name": "created_at", "label": "Created At", "type": "date" },
  { "name": "created_by", "label": "Created By", "type": "text" },
  { "name": "updated_at", "label": "Updated At", "type": "date" },
  { "name": "updated_by", "label": "Updated By", "type": "text" },
  { "name": "is_deleted", "label": "Deleted", "type": "select", "options": ["No", "Yes"] }
]
